First Name,Last Name,Sport,year,Hometown,State,state_id,Gender,lat,lng,population
David,Robertson,Baseball,2020,Tuscaloosa,Alabama,AL,,33.2348,-87.5268,164414
James,Hall,Shooting,2020,Anniston,Alabama,AL,,33.6712,-85.8135,79717
Sandra,Uptagrafft,Shooting,2020,Phenix City,Alabama,AL,,32.4585,-85.0253,38413
Haylie,McCleney,Softball ,2020,Morris,Alabama,AL,,33.7464,-86.8042,2273
Paige,Madden,Swimming,2020,Mobile,Alabama,AL,,30.6782,-88.1162,320855
Zach,Harting,Swimming,2020,Madison,Alabama,AL,,34.7114,-86.7626,56967
JuVaughn,Harrison,Track and Field,2020,Huntsville,Alabama,AL,,34.6981,-86.6412,349482
Quanesha,Burks,Track and Field,2020,Harselle,Alabama,,,,,
Alev,Kelter,Rugby ,2020,Eagle River,Alaska,,,,,
Lydia,Jacoby,Swimming,2020,Seward,Alaska,AK,,60.1124,-149.3925,2768
Brady,Ellison,Archery,2020,Globe,Arizona,AZ,,33.387,-110.7513,7230
Jamie,Westbrook,Baseball,2020,Chandler,Arizona,AZ,,33.2825,-111.8514,275618
Brandon,McNulty,Cycling,2020,Phoenix,Arizona,AZ,,33.5722,-112.0892,4064275
Corben,Sharrah,Cycling,2020,Tucson,Arizona,AZ,,32.1541,-110.8787,878320
Delaney,Schnell,Diving,2020,Tucson,Arizona,AZ,,32.1541,-110.8787,878320
Jade,Carey,Gymnastic (Artistic),2020,Phoenix,Arizona,AZ,,33.5722,-112.0892,4064275
Mykayla,Skinner,Gymnastic (Artistic),2020,Gilbert,Arizona,AZ,,33.31,-111.7463,267267
Brett,Thompson,Rugby ,2020,Tempe,Arizona,AZ,,33.3881,-111.9319,181005
Maceo,Brown,Rugby ,2020,Tempe,Arizona,AZ,,33.3881,-111.9319,181005
Alana,Smith,Skateboarding,2020,Mesa,Arizona,AZ,,33.4015,-111.7178,503390
Jagger,Eaton,Skateboarding,2020,Mesa,Arizona,AZ,,33.4015,-111.7178,503390
Julie,Ertz,Soccer ,2020,Mesa,Arizona,AZ,,33.4015,-111.7178,503390
Bethanie,Mattek-Sands,Tennis,2020,Phoenix,Arizona,AZ,,33.5722,-112.0892,4064275
Abdi,Abdirahman,Track and Field,2020,Tucson,Arizona,AZ,,32.1541,-110.8787,878320
Aliphine,Tuliamuk,Track and Field,2020,Flagstaff,Arizona,AZ,,35.1872,-111.6194,80167
Will,Claye,Track and Field,2020,Phoenix,Arizona,AZ,,33.5722,-112.0892,4064275
Sarah,Sponcil,Beach Volleyball,2020,Phoenix,Arizona,AZ,,33.5722,-112.0892,4064275
Kayla,Miracle,Wrestling,2020,Phoenix,Arizona,AZ,,33.5722,-112.0892,4064275
Kayle,Browning,Shooting,2020,Wooster,Arkansas,AR,,35.1998,-92.4503,1155
Tara,Davis,Track and Field,2020,Fayetteville,Arkansas,AR,,36.0714,-94.1661,394650
Jack,Williams,Archery,2020,Chula Vista,California,CA,,32.6281,-117.0144,276103
Phillip,Chew,Badminton,2020,Orange,California,CA,,33.8038,-117.8218,138728
Ryan,Chew,Badminton,2020,Orange,California,CA,,33.8038,-117.8218,138728
Timothy,Lam,Badminton,2020,Mountain View,California,CA,,37.4001,-122.0796,82132
Anthony,Gose,Baseball,2020,Bellflower,California,CA,,33.888,-118.1271,78352
Eric,Filia,Baseball,2020,Huntington Beach,California,CA,,33.696,-118.0018,197481
Joe,Ryan,Baseball,2020,San Francisco,California,CA,,37.7558,-122.4449,3364979
Nick,Allen,Baseball,2020,San Diego,California,CA,,32.8313,-117.1222,3046560
Katie,Lou Samuelson,Basketball (3x3),2020,Huntington Beach,California,CA,,33.696,-118.0018,197481
Kelsey,Plum,Basketball (3x3),2020,Poway,California,CA,,32.9871,-117.0201,48737
Damian,Lillard,Basketball ,2020,Oakland,California,CA,,37.7904,-122.2166,437825
Jrue,Holiday,Basketball ,2020,Los Angeles,California,CA,,34.1141,-118.4068,11922389
Kevin,Love,Basketball ,2020,Santa Monica,California,CA,,34.0235,-118.481,92168
Chelsea,Gray,Basketball ,2020,Hayward,California,CA,,37.6328,-122.0766,160602
Diana,Taurasi,Basketball ,2020,Chino,California,CA,,33.9836,-117.6654,91008
Richard,Torrez,Boxing,2020,Tulare,California,CA,,36.1995,-119.34,69261
Amber,Neben,Cycling,2020,Lake Forest,California,CA,,33.6605,-117.6714,85583
Coryn,Rivera,Cycling,2020,Newport Beach,California,CA,,33.6151,-117.8668,85159
Gavin,Hoover,Cycling,2020,Manhattan Beach,California,CA,,33.8894,-118.3967,35123
Haley,Batten,Cycling,2020,Los Gatos,California,CA,,37.2304,-121.9562,33093
Jennifer,Valente,Cycling,2020,San Diego,California,CA,,32.8313,-117.1222,3046560
Kate,Courtney,Cycling,2020,Kentfield,California,CA,,37.9481,-122.5497,7410
Leah,Thomas,Cycling,2020,Boulder Creek,California,CA,,37.1341,-122.1272,5492
Megan,Jastrab,Cycling,2020,Apple Valley,California,CA,,34.5352,-117.2109,75603
Ruth,Winder,Cycling,2020,Lafayette,California,CA,,37.8919,-122.1189,25310
Brandon,Loschiavo,Diving,2020,Huntington Beach,California,CA,,33.696,-118.0018,197481
Sabine,Schut-Kery,Equestrian,2020,Thousand Oaks,California,CA,,34.1914,-118.8756,209570
Steffen,Peters,Equestrian,2020,San Diego,California,CA,,32.8313,-117.1222,3046560
Nick,Itkin,Fencing,2020,Los Angeles,California,CA,,34.1141,-118.4068,11922389
Bryson,Dechambeau,Golf,2020,Clovis,California,CA,,36.8278,-119.683,120607
Colin,Morikawa,Golf,2020,La Canada,California,,,,,
Xander,Schauffele,Golf,2020,San Diego,California,CA,,32.8313,-117.1222,3046560
Samuel,Mikulak,Gymnastic (Artistic),2020,Newport Beach,California,CA,,33.6151,-117.8668,85159
Isabelle,Connor,Gymnastics (Rhythmic),2020,Manhattan Beach,California,CA,,33.8894,-118.3967,35123
Nicole,Ahsinger,Gymnastics (Trampoline),2020,San Diego,California,CA,,32.8313,-117.1222,3046560
Sakura,Kokumai,Karate,2020,Stevenson Ranch,California,CA,,34.3894,-118.5883,20484
Kara,Kohler,Rowing,2020,Clayton,California,CA,,37.9404,-121.9301,11070
Michelle,Sechser,Rowing,2020,Folsom,California,CA,,38.6668,-121.1422,81077
Danny,Barrett,Rugby ,2020,Pacifica,California,CA,,37.6113,-122.4782,38048
Folau,Niua,Rugby ,2020,East Palo Alto,California,CA,,37.4671,-122.1352,29520
Matai,Leuta,Rugby ,2020,Marina,California,CA,,36.681,-121.7892,22253
Steve,Tomasin,Rugby ,2020,Santa Rosa,California,CA,,38.4458,-122.7067,296180
Kayla,Canett,Rugby ,2020,Fallbrook,California,CA,,33.3693,-117.2259,33710
Naya,Tapper,Rugby ,2020,Beaufort,California,,,,,
Nia,Toliver*,Rugby ,2020,Los Angeles,California,CA,,34.1141,-118.4068,11922389
Charlie,Buckingham,Sailing,2020,Newport Beach,California,CA,,33.6151,-117.8668,85159
Riley,Gibbs,Sailing,2020,Long Beach,California,CA,,33.7977,-118.167,462293
Brian,Burrows,Shooting,2020,Fallbrook,California,CA,,33.3693,-117.2259,33710
Sagen,Maddalena,Shooting,2020,Groveland,California,CA,,37.8325,-120.2392,591
Brighton,Zeuner,Skateboarding,2020,Newport Beach,California,CA,,33.6151,-117.8668,85159
Bryce,Wettstein,Skateboarding,2020,Encinitas,California,CA,,33.0492,-117.261,61942
Cory,Juneau,Skateboarding,2020,San Diego,California,CA,,32.8313,-117.1222,3046560
Jordyn,Barratt,Skateboarding,2020,Oceanside,California,CA,,33.2247,-117.3083,173722
Nyjah,Huston,Skateboarding,2020,Laguna Beach,California,CA,,33.5455,-117.7613,22943
Abigail,Dahlkemper,Soccer ,2020,Menlo Park,California,CA,,37.4685,-122.1673,33324
Alex,Morgan,Soccer ,2020,Diamond Bar,California,CA,,33.9992,-117.8161,54534
Catarina,Macario*,Soccer ,2020,Los Angeles,California,CA,,34.1141,-118.4068,11922389
Christen,Press,Soccer ,2020,Palos Verdes Estates,California,CA,,33.7872,-118.3973,13219
Lynn,Williams*,Soccer ,2020,Fresno,California,CA,,36.783,-119.7939,725276
Megan,Rapinoe,Soccer ,2020,Redding,California,CA,,40.5698,-122.365,117163
Tierna,Davidson,Soccer ,2020,Menlo Park,California,CA,,37.4685,-122.1673,33324
Alison,Aguilar,Softball ,2020,Orangevale,California,CA,,38.6881,-121.2209,35852
Allyson,Carda,Softball ,2020,Elk Grove,California,CA,,38.4161,-121.3842,176105
Aubree,Munro,Softball ,2020,Brea,California,CA,,33.9254,-117.8655,47099
Dejah,Mulipola,Softball ,2020,Anaheim,California,CA,,33.839,-117.8574,347111
Delaney,Spaulding,Softball ,2020,Rancho Cucamonga,California,CA,,34.1247,-117.5667,174696
Janette,Reed,Softball ,2020,Placentia,California,CA,,33.8807,-117.8553,51797
Madilyn,Nickles,Softball ,2020,Merced,California,CA,,37.3057,-120.4779,160638
Monica,Abbott,Softball ,2020,Salinas,California,CA,,36.6883,-121.6317,177410
Rachel,Garcia,Softball ,2020,Palmdale,California,CA,,34.5944,-118.1057,166895
Valerie,Arioto,Softball ,2020,Pleasanton,California,CA,,37.6663,-121.8805,78691
Kolohe,Andino,Surfing,2020,San Clemente,California,CA,,33.4499,-117.6102,64232
Abbey,Weitzeil,Swimming,2020,Santa Clarita,California,CA,,34.4175,-118.4964,268273
Bryce,Mefford,Swimming,2020,El Dorado Hills,California,CA,,38.675,-121.049,49082
Haley,Anderson,Swimming,2020,Granite Bay,California,CA,,38.7601,-121.1714,22180
Jake,Mitchell,Swimming,2020,Folsom,California,CA,,38.6668,-121.1422,81077
Jordan,Wilimovsky,Swimming,2020,Malibou,California,,,,,
Kathryn,McLaughlin,Swimming,2020,Dana Point,California,CA,,33.4733,-117.6967,33025
Michael,Andrew,Swimming,2020,Encinitas,California,CA,,33.0492,-117.261,61942
Tom,Shields,Swimming,2020,Huntington Beach,California,CA,,33.696,-118.0018,197481
Kanak,Jha,Table Tennis,2020,Milpitas,California,CA,,37.4336,-121.8921,79092
Lily,Zhang,Table Tennis,2020,Palo Alto,California,CA,,37.3905,-122.1468,67901
Nikhil,Kumar,Table Tennis,2020,San Jose,California,CA,,37.3012,-121.848,1771413
Xin,Zhou,Table Tennis,2020,Milpitas,California,CA,,37.4336,-121.8921,79092
Marcos,Giron,Tennis,2020,Thousand Oaks,California,CA,,34.1914,-118.8756,209570
Allyson,Felix,Track and Field,2020,Los Angeles,California,CA,,34.1141,-118.4068,11922389
Brooke,Andersen,Track and Field,2020,Vista,California,CA,,33.1896,-117.2386,98392
Chris,Benard,Track and Field,2020,Corona,California,CA,,33.8616,-117.5649,158346
Cravon,Gillespie,Track and Field,2020,Pasadena,California,CA,,34.1597,-118.139,137554
Isaiah,Jewett,Track and Field,2020,Inglewood,California,CA,,33.9566,-118.3444,106806
Jenna,Prandini,Track and Field,2020,Clovis,California,CA,,36.8278,-119.683,120607
Kendall,Ellis,Track and Field,2020,North Hollywood,California,,,,,
Michael,Norman,Track and Field,2020,Murrieta,California,CA,,33.5719,-117.1909,111899
Nick,Christie,Track and Field,2020,San Diego,California,CA,,32.8313,-117.1222,3046560
Rachel,McCoy,Track and Field,2020,Inland Empire,California,,,,,
Robyn,Stevens,Track and Field,2020,Vacaville,California,CA,,38.3587,-121.9673,101631
Katie,Zaferes,Triathlon,2020,Santa Cruz,California,CA,,36.9789,-122.0346,167835
Alix,Klineman,Beach Volleyball,2020,Manhattan Beach,California,CA,,33.8894,-118.3967,35123
April,Ross,Beach Volleyball,2020,Costa Mesa,California,CA,,33.6667,-117.9135,111490
Kelly,Claes,Beach Volleyball,2020,Fullerton,California,CA,,33.8841,-117.9279,142280
David,Smith,Volleyball ,2020,Saugus,California,,,,,
Garrett,Muagututia,Volleyball ,2020,Oceanside,California,CA,,33.2247,-117.3083,173722
Kyle,Ensing,Volleyball ,2020,Valencia,California,,,,,
Taylor,Sander,Volleyball ,2020,Corona,California,CA,,33.8616,-117.5649,158346
Torey,DeFalco,Volleyball ,2020,Huntington Beach,California,CA,,33.696,-118.0018,197481
Justine,Wong-Orantes,Volleyball ,2020,Cypress,California,CA,,33.8171,-118.0386,49955
Alex,Wolf,Water Polo ,2020,Huntington Beach,California,CA,,33.696,-118.0018,197481
Alex,Bowen,Water Polo ,2020,Santee,California,CA,,32.8554,-116.9851,59497
Alex,Obert,Water Polo ,2020,Loomis,California,CA,,38.8093,-121.1955,6831
Ben,Hallock,Water Polo ,2020,Studio City,California,,,,,
Drew,Holland,Water Polo ,2020,Orinda,California,CA,,37.8808,-122.179,19477
Dylan,Woodhead,Water Polo ,2020,San Anselmo,California,CA,,37.9821,-122.5699,12761
Hannes,Daube,Water Polo ,2020,Long Beach,California,CA,,33.7977,-118.167,462293
Jesse,Smith*,Water Polo ,2020,Coronado,California,CA,,32.6649,-117.1604,18871
Johnny,Hooper,Water Polo ,2020,Los Angeles,California,CA,,34.1141,-118.4068,11922389
Marko,Vavic,Water Polo ,2020,Rancho Palos Verdes,California,CA,,33.7554,-118.3634,41805
Max,Irving,Water Polo ,2020,Long Beach,California,CA,,33.7977,-118.167,462293
Alys,Williams,Water Polo ,2020,Huntington Beach,California,CA,,33.696,-118.0018,197481
Aria,Fischer,Water Polo ,2020,Laguna Beach,California,CA,,33.5455,-117.7613,22943
Amanda,Longan,Water Polo ,2020,Moorpark,California,CA,,34.2861,-118.8768,36073
Jamie,Neushul*,Water Polo ,2020,Isla Vista,California,CA,,34.4128,-119.8614,14722
Kaleigh,Gilchrist,Water Polo ,2020,Newport Beach,California,CA,,33.6151,-117.8668,85159
Madeline,Musselman,Water Polo ,2020,Newport Beach,California,CA,,33.6151,-117.8668,85159
Makenzie,Fischer,Water Polo ,2020,Laguna Beach,California,CA,,33.5455,-117.7613,22943
Maggie,Steffens,Water Polo ,2020,Danville,California,CA,,37.8121,-121.9698,43449
Melissa,Seidemann,Water Polo ,2020,Walnut Creek,California,CA,,37.9024,-122.0399,69809
Paige,Hauschild,Water Polo ,2020,Santa Barbara,California,CA,,34.4285,-119.7202,199023
Rachel,Fattal,Water Polo ,2020,Seal Beach,California,CA,,33.7542,-118.0714,25046
Stephanie,Haralabidis,Water Polo ,2020,Long Beach,California,CA,,33.7977,-118.167,462293
Sarah,Robles,Weightlifting,2020,Desert Hot Springs,California,CA,,33.955,-116.5429,32386
Zachary,Lokken,Canoe/Kayak,2020,Durango,Colorado,CO,,37.2659,-107.8781,19148
Christopher,Blevins,Cycling,2020,Durango,Colorado,CO,,37.2659,-107.8781,19148
Erin,Huck,Cycling,2020,Boulder,Colorado,CO,,40.0248,-105.2524,118090
Maddie,Godby,Cycling,2020,Louisville,Colorado,CO,,39.971,-105.1441,20920
Yul,Moldauer,Gymnastic (Artistic),2020,Arvada,Colorado,CO,,39.832,-105.151,123066
Amro,Elgeziry,Pentathlon,2020,Colorado Springs,Colorado,CO,,38.8674,-104.7605,638194
Samantha,Schultz,Pentathlon,2020,Littleton,Colorado,CO,,39.5915,-105.0188,45531
Jessica,Thoennes,Rowing,2020,Denver,Colorado,CO,,39.762,-104.8758,2687458
Kendall,Chase,Rowing,2020,Evergreen,Colorado,CO,,39.6349,-105.3356,8972
Cody,Melphy,Rugby ,2020,Littleton,Colorado,CO,,39.5915,-105.0188,45531
Amber,English,Shooting,2020,Colorado Springs,Colorado,CO,,38.8674,-104.7605,638194
Lucas,Kozeniesky,Shooting,2020,Colorado Springs,Colorado,CO,,38.8674,-104.7605,638194
William,Shaner,Shooting,2020,Colorado Springs,Colorado,CO,,38.8674,-104.7605,638194
Lindsey,Horan,Soccer ,2020,Golden,Colorado,CO,,39.7406,-105.2118,20461
Brooke,Raboutou,Sport Climbing,2020,Boulder,Colorado,CO,,40.0248,-105.2524,118090
Colin,Duffy,Sport Climbing,2020,Broomfield,Colorado,CO,,39.9542,-105.0526,73946
Anastasija,Zolotic,Taekwondo,2020,Colorado Springs,Colorado,CO,,38.8674,-104.7605,638194
Annie,Kunz,Track and Field,2020,Denver,Colorado,CO,,39.762,-104.8758,2687458
Benard,Keter,Track and Field,2020,Colorado Springs,Colorado,CO,,38.8674,-104.7605,638194
Elise,Cranny,Track and Field,2020,Boulder,Colorado,CO,,40.0248,-105.2524,118090
Emma,Coburn,Track and Field,2020,Crested Butte,Colorado,CO,,38.8676,-106.9773,1434
Hillary,Bor,Track and Field,2020,Colorado Springs,Colorado,CO,,38.8674,-104.7605,638194
Mason,Finley,Track and Field,2020,Chaffee County,Colorado,,,,,
Paul,Chelimo,Track and Field,2020,Colorado Springs,Colorado,CO,,38.8674,-104.7605,638194
Valarie,Allman,Track and Field,2020,Longmont,Colorado,CO,,40.1686,-105.1005,101642
Valerie,Constien,Track and Field,2020,Edwards,Colorado,CO,,39.6215,-106.6184,10721
William,Kincaid,Track and Field,2020,Littleton,Colorado,CO,,39.5915,-105.0188,45531
Kevin,McDowell,Triathlon,2020,Colorado Springs,Colorado,CO,,38.8674,-104.7605,638194
Summer,Rappaport,Triathlon,2020,Thornton,Colorado,CO,,39.9197,-104.9438,141799
Haleigh,Washington,Volleyball ,2020,Colorado Springs,Colorado,CO,,38.8674,-104.7605,638194
Jordyn,Poulter,Volleyball ,2020,Aurora,Colorado,CO,,39.7083,-104.7237,387349
Adeline,Gray,Wrestling,2020,Denver,Colorado,CO,,39.762,-104.8758,2687458
Ildar,Hafizov,Wrestling,2020,Colorado Springs,Colorado,CO,,38.8674,-104.7605,638194
Jacarra,Winchester,Wrestling,2020,San Leandro,Colorado,,,,,
Tracy,Hancock,Wrestling,2020,Fountain,Colorado,CO,,38.6886,-104.6829,29498
Austin,Hack,Rowing,2020,Old Lyme,Connecticut,,,,,
Liam,Corrigan,Rowing,2020,Old Lyme,Connecticut,,,,,
Alexis,Sablone,Skateboarding,2020,Old Saybrook,Connecticut,,,,,
Alyssa,Naeher,Soccer ,2020,Stratford,Connecticut,,,,,
Kieran,Smith,Swimming,2020,Ridgefield,Connecticut,,,,,
Marquis,Dendy,Track and Field,2020,Wilmington,Delaware,DE,,39.7415,-75.5416,71034
Kevin,Durant,Basketball ,2020,Washington,D.C.,,,,,
Katharine,Holmes,Fencing,2020,Washington,D.C.,,,,,
Frances,Tiafoe,Tennis,2020,Washington,D.C.,,,,,
Taylor,Knibb,Triathlon,2020,Washington,D.C.,,,,,
Eddy,Alvarez,Baseball,2020,Miami,Florida,FL,,25.784,-80.2101,6080145
Mark,Kolozsvary,Baseball,2020,Eustis,Florida,FL,,28.8563,-81.6771,23101
Nick,Martinez,Baseball,2020,Miami,Florida,FL,,25.784,-80.2101,6080145
Triston,Casas,Baseball,2020,Pembroke Pines,Florida,FL,,26.0128,-80.3382,170472
Sylvia,Fowles,Basketball ,2020,Miami,Florida,FL,,25.784,-80.2101,6080145
Lily,Williams,Cycling,2020,Tallahassee,Florida,FL,,30.4551,-84.2527,258696
Jordan,Windle,Diving,2020,Fort Lauderdale,Florida,FL,,26.1412,-80.1464,182673
Adrienne,Lyle,Equestrian,2020,Wellington,Florida,FL,,26.6461,-80.2699,61373
Laura,Kraut,Equestrian,2020,Wellington,Florida,FL,,26.6461,-80.2699,61373
Kent,Farrington,Equestrian,2020,Wellington,Florida,FL,,26.6461,-80.2699,61373
Jessica,Korda,Golf,2020,Jupiter,Florida,FL,,26.92,-80.1128,60926
Lexi,Thompson,Golf,2020,Coral Springs,Florida,FL,,26.2702,-80.2591,133801
Nelly,Korda,Golf,2020,Bradenton,Florida,FL,,27.4901,-82.5757,55795
Angelica,Delgado,Judo,2020,Miami,Florida,FL,,25.784,-80.2101,6080145
Ariel,Torres,Karate,2020,Hialeah,Florida,FL,,25.8696,-80.3045,222996
Ben,Davison,Rowing,2020,Inverness,Florida,FL,,28.8416,-82.3418,7602
Clark,Dean,Rowing,2020,Sarasota,Florida,FL,,27.3387,-82.5432,55508
Katelin,Guregian,Rowing,2020,Orlando,Florida,FL,,28.4773,-81.337,1882705
Perry,Baker,Rugby ,2020,Flagler Palm Coast,Florida,,,,,
Anna,Weis,Sailing,2020,Fort Lauderdale,Florida,FL,,26.1412,-80.1464,182673
David,Hughes,Sailing,2020,Miami,Florida,FL,,25.784,-80.2101,6080145
Lara,Dallman-Weiss,Sailing,2020,Miami,Florida,FL,,25.784,-80.2101,6080145
Luke,Muller,Sailing,2020,Fort Pierce,Florida,FL,,27.4255,-80.3431,47153
Nikole,Barnes,Sailing,2020,Miami,Florida,FL,,25.784,-80.2101,6080145
Paige,Railey,Sailing,2020,Clearwater,Florida,FL,,27.979,-82.7623,116984
Pedro,Pascual,Sailing,2020,Miami,Florida,FL,,25.784,-80.2101,6080145
Mary,Tucker,Shooting,2020,Sarasota,Florida,FL,,27.3387,-82.5432,55508
Jake,Ilardi,Skateboarding,2020,Osprey,Florida,FL,,27.1914,-82.48,6195
Zion,Wright,Skateboarding,2020,Jupiter,Florida,FL,,26.92,-80.1128,60926
Michelle,Moultrie,Softball ,2020,Jacksonville,Florida,FL,,30.3322,-81.6749,1288298
Caroline,Marks,Surfing,2020,Melbourne Beach,Florida,FL,,28.0668,-80.561,3214
Caeleb,Dressel,Swimming,2020,Orange Park,Florida,FL,,30.1706,-81.7041,9047
Emma,Weyant,Swimming,2020,Sarasota,Florida,FL,,27.3387,-82.5432,55508
Bobby,Finke,Swimming,2020,Clearwater,Florida,FL,,27.979,-82.7623,116984
Ryan,Murphy,Swimming,2020,Ponte Vedra Beach,Florida,,,,,
Alison,Riske,Tennis,2020,Orlando,Florida,FL,,28.4773,-81.337,1882705
Coco,Gauff,Tennis,2020,Boynton Beach,Florida,FL,,26.5281,-80.0811,80068
Nicole,Melichar,Tennis,2020,Stuart,Florida,FL,,27.1959,-80.2444,17639
Donald,Scott,Track and Field,2020,Apopka,Florida,FL,,28.7015,-81.5316,55056
Erriyon,Knighton,Track and Field,2020,Tampa,Florida,FL,,27.9945,-82.4447,2861173
Garrett,Scantling,Track and Field,2020,Jacksonville,Florida,FL,,30.3322,-81.6749,1288298
Jessica,Ramsey,Track and Field,2020,Boynton Beach,Florida,FL,,26.5281,-80.0811,80068
Kaylin,Whitney,Track and Field,2020,Clermont,Florida,FL,,28.5325,-81.7208,43266
Teahna,Daniels,Track and Field,2020,Orlando,Florida,FL,,28.4773,-81.337,1882705
Trayvon,Bromell,Track and Field,2020,St. Petersburg,Florida,FL,,27.7931,-82.6652,259343
Nicholas,Lucena,Beach Volleyball,2020,Cooper City,Florida,FL,,26.0463,-80.2862,34046
Philip,Dalhausser,Beach Volleyball,2020,Ormond Beach,Florida,FL,,29.2985,-81.1014,43127
Foluke,Akinradewo,Volleyball ,2020,Fort Lauderdale,Florida,FL,,26.1412,-80.1464,182673
Ashleigh,Johnson,Water Polo ,2020,Miami,Florida,FL,,25.784,-80.2101,6080145
Mattie,Rogers,Weightlifting,2020,Apopka,Florida,FL,,28.7015,-81.5316,55056
Alejandro,Sancho,Wrestling,2020,Miami,Florida,FL,,25.784,-80.2101,6080145
Anthony,Carter,Baseball,2020,Lawrence,Georgia,,,,,
Tyler,Austin,Baseball,2020,Conyers,Georgia,GA,,33.6646,-83.9966,17415
Edwin,Jackson Jr.,Baseball,2020,Columbus,Georgia,GA,,32.51,-84.8771,264282
Allisha,Gray,Basketball (3x3),2020,Sandersville,Georgia,GA,,32.9827,-82.8089,5727
Brody,Malone,Gymnastic (Artistic),2020,Summerville,Georgia,GA,,34.4788,-85.3491,4381
Henry,Leverett,Shooting,2020,Bainbridge,Georgia,GA,,30.9052,-84.5732,14234
Jack,Leverett III,Shooting,2020,Bainbridge,Georgia,GA,,30.9052,-84.5732,14234
Vincent,Hancock,Shooting,2020,Eatonton,Georgia,GA,,33.3258,-83.3886,6369
Emily,Sonnett,Soccer ,2020,Marietta,Georgia,GA,,33.9533,-84.5422,61387
Jane,Campbell*,Soccer ,2020,Kennesaw,Georgia,GA,,34.026,-84.6177,33360
Kelley,O'Hara,Soccer ,2020,Fayetteville,Georgia,GA,,33.4501,-84.471,19010
Brooks,Curry,Swimming,2020,Dunwoody,Georgia,GA,,33.9418,-84.3122,51458
Jay,Litherland,Swimming,2020,Athens,Georgia,GA,,33.9508,-83.3689,143173
Gunnar,Bentz,Swimming,2020,Atlanta,Georgia,GA,,33.7628,-84.422,5180179
Natalie,Hinds,Swimming,2020,Athens,Georgia,GA,,33.9508,-83.3689,143173
Daniel,Haugh,Track and Field,2020,Marietta,Georgia,GA,,33.9533,-84.5422,61387
Daniel,Roberts,Track and Field,2020,Atlanta,Georgia,GA,,33.7628,-84.422,5180179
Elija,Godwin,Track and Field,2020,Covington,Georgia,GA,,33.6049,-83.8463,14190
Javianne,Oliver,Track and Field,2020,Monroe,Georgia,GA,,33.799,-83.7161,15036
Kendell,Williams,Track and Field,2020,Kennesaw,Georgia,GA,,34.026,-84.6177,33360
Kenny,Selmon,Track and Field,2020,Atlanta,Georgia,GA,,33.7628,-84.422,5180179
Martin,Iosefo,Rugby ,2020,Wahiawa,Hawaii,HI,,21.5012,-158.0178,17400
Heimana,Reynolds,Skateboarding,2020,Honolulu,Hawaii,HI,,21.3294,-157.846,348547
Carissa,Moore,Surfing,2020,Honolulu,Hawaii,HI,,21.3294,-157.846,348547
John,Florence,Surfing,2020,Haleiwa,Hawaii,HI,,21.5965,-158.1003,4708
Taylor,Crabb,Beach Volleyball,2020,Honolulu,Hawaii,HI,,21.3294,-157.846,348547
Erik,Shoji,Volleyball ,2020,Honolulu,Hawaii,HI,,21.3294,-157.846,348547
Kawika,Shoji,Volleyball ,2020,Honolulu,Hawaii,HI,,21.3294,-157.846,348547
Micah,Christenson,Volleyball ,2020,Honolulu,Hawaii,HI,,21.3294,-157.846,348547
Jewell,Loyd,Basketball ,2020,Lincolnwood,Illinois,IL,,42.0054,-87.733,13268
Anne-Elizabeth,Stone,Fencing,2020,Chicago,Illinois,IL,,41.8375,-87.6866,8497759
Camilla,Feeley,Gymnastics (Rhythmic),2020,Deerfield,Illinois,IL,,42.1654,-87.8516,19173
Evita,Griskenas,Gymnastics (Rhythmic),2020,Orland Park,Illinois,IL,,41.6075,-87.8619,58345
Laura,Zeng,Gymnastics (Rhythmic),2020,Libertyville,Illinois,IL,,42.287,-87.967,20555
Lili,Mizuno,Gymnastics (Rhythmic),2020,Northbrook,Illinois,IL,,42.1292,-87.8352,34950
Nicole,Sladkov,Gymnastics (Rhythmic),2020,Vernon Hills,Illinois,IL,,42.234,-87.9608,26750
Nefeli,Papadakis,Judo,2020,Gurnee,Illinois,IL,,42.3708,-87.9392,30629
Lauren,Doyle,Rugby ,2020,Boody,Illinois,IL,,39.7644,-89.0467,411
Maggie,Shea,Sailing,2020,Wilmette,Illinois,IL,,42.0771,-87.7282,27801
Casey,Krueger*,Soccer ,2020,Naperville,Illinois,IL,,41.748,-88.1659,149089
Olivia,Smoliga,Swimming,2020,Chicago,Illinois,IL,,41.8375,-87.6866,8497759
Darryl,Sullivan Jr,Track and Field,2020,Marion,Illinois,IL,,37.7345,-88.942,16867
David,Kendziera,Track and Field,2020,Mt. Prospect,Illinois,,,,,
Kelsey,Card,Track and Field,2020,Carlinville,Illinois,IL,,39.2775,-89.8762,5724
Tori,Franklin,Track and Field,2020,Chicago,Illinois,IL,,41.8375,-87.6866,8497759
Zach,Ziemek,Track and Field,2020,Itasca,Illinois,IL,,41.9772,-88.0183,9627
Thomas,Jaeschke,Volleyball ,2020,Wheaton,Illinois,IL,,41.8561,-88.1085,53673
Kelsey,Robinson,Volleyball ,2020,Bartlett,Illinois,IL,,41.9804,-88.2071,40829
Michelle,Bartsch-Hackley,Volleyball ,2020,Champaign,Illinois,IL,,40.1142,-88.2737,150179
Skylar,Diggins-Smith,Basketball ,2020,South Bend,Indiana,IN,,41.6767,-86.2696,278061
Chloe,Dygert,Cycling,2020,Brownsburg,Indiana,IN,,39.8337,-86.383,29379
Felicia,Stancil,Cycling,2020,Indianapolis,Indiana,IN,,39.7771,-86.1458,1729849
Alec,Yoder,Gymnastic (Artistic),2020,Indianapolis,Indiana,IN,,39.7771,-86.1458,1729849
Joe,Schroeder,Rugby ,2020,Westfield,Indiana,IN,,40.0341,-86.1529,48262
Blake,Pieroni,Swimming,2020,Chesterton,Indiana,IN,,41.5997,-87.055,14191
Drew,Kibler,Swimming,2020,Carmel,Indiana,IN,,39.965,-86.146,99453
Michael,Brinegar,Swimming,2020,Columbus,Indiana,IN,,39.2093,-85.9183,50896
Lilly,King,Swimming,2020,Evansville,Indiana,IN,,37.9881,-87.5341,203661
Rajeev,Ram,Tennis,2020,Carmel,Indiana,IN,,39.965,-86.146,99453
Cole,Hocker,Track and Field,2020,Indianapolis,Indiana,IN,,39.7771,-86.1458,1729849
Lynna,Irby,Track and Field,2020,Indianapolis,Indiana,IN,,39.7771,-86.1458,1729849
Rachel,Dincoff,Track and Field,2020,Auburn,Indiana,IN,,41.3666,-85.0559,13316
Andrea,Drews,Volleyball ,2020,Elkhart,Indiana,IN,,41.6916,-85.9627,149423
Sarah,Hildebrandt,Wrestling,2020,Granger,Indiana,IN,,41.7374,-86.1348,30019
Karissa,Schweizer,Track and Field,2020,Urbandale,Iowa,IA,,41.639,-93.7812,45591
Thomas,Gilman,Wrestling,2020,Iowa City,Iowa,IA,,41.6559,-91.5303,130736
Derek,Starling,Baseball,2020,Gardner,Kansas,KS,,38.8122,-94.9275,23488
Derrick,Mein,Shooting,2020,Paola,Kansas,KS,,38.5788,-94.8617,5742
Adrianna,Franch,Soccer ,2020,Salina,Kansas,KS,,38.8136,-97.6143,46734
Kelsey,Stewart,Softball ,2020,Wichita,Kansas,KS,,37.6895,-97.3443,509003
Gerek,Meinhardt,Fencing,2020,Lexington,Kentucky,KY,,38.0423,-84.4587,321276
Lee,Kiefer,Fencing,2020,Lexington,Kentucky,KY,,38.0423,-84.4587,321276
Justin,Thomas,Golf,2020,Louisville,Kentucky,KY,,38.1663,-85.6485,963812
Brooke,Forde,Swimming,2020,Louisville,Kentucky,KY,,38.1663,-85.6485,963812
Ronnie,Baker,Track and Field,2020,Louisville,Kentucky,KY,,38.1663,-85.6485,963812
Yared,Nuguse,Track and Field,2020,Louisville,Kentucky,KY,,38.1663,-85.6485,963812
Aliaksei,Shostak,Gymnastics (Trampoline),2020,Lafayette,Louisiana,LA,,30.2082,-92.0325,237565
Meghan,O'Leary,Rowing,2020,Baton Rouge,Louisiana,LA,,30.442,-91.1311,635671
Aleia,Hobbs,Track and Field,2020,New Orleans,Louisiana,LA,,30.0687,-89.9288,932759
Morgann,LeLeux,Track and Field,2020,New Iberia,Louisiana,LA,,30.0049,-91.8202,28363
Vernon,Norwood,Track and Field,2020,New Orleans,Louisiana,LA,,30.0687,-89.9288,932759
Rachel,Schneider,Track and Field,2020,Sanford,Maine,ME,,43.4244,-70.7573,21986
Abby,Gustaitis,Rugby ,2020,White Hall,Maryland,,,,,
Farrah,Hall,Sailing,2020,Annapolis,Maryland,MD,,38.9706,-76.5047,40719
Andrew,Wilson,Swimming,2020,Bethesda,Maryland,MD,,38.9866,-77.1188,66316
Chase,Kalisz,Swimming,2020,Bel Air,Maryland,MD,,39.5348,-76.346,10630
Katie,Ledecky,Swimming,2020,Bethesda,Maryland,MD,,38.9866,-77.1188,66316
Phoebe,Bacon,Swimming,2020,Chevy Chase,Maryland,MD,,38.9944,-77.0738,9789
Christina,Clemons,Track and Field,2020,Landover,Maryland,MD,,38.9241,-76.8875,24430
Helen,Maroulis,Wrestling,2020,Rockville,Maryland,MD,,39.0834,-77.1553,67142
Kyle,Snyder,Wrestling,2020,Woodbine,Maryland,,,,,
Jennifer,Mucino- Fernandez,Archery,2020,Boston,Massachusetts,MA,,42.3188,-71.0852,4328315
Lindi,Schroeder,Artistic Swimming,2020,Andover,Massachusetts,,,,,
Rashida,Ellis,Boxing,2020,Lynn,Massachusetts,MA,,42.4781,-70.9664,100653
Michael,Hixon,Diving,2020,Amherst,Massachusetts,,,,,
Andrew,Mackiewicz,Fencing,2020,Westwood,Massachusetts,,,,,
Eli,Dershwitz,Fencing,2020,Sherborn,Massachusetts,,,,,
Alexander,Richards,Rowing,2020,Watertown,Massachusetts,,,,,
Andrew,Reed,Rowing,2020,Wayland,Massachusetts,,,,,
Cicely,Madden,Rowing,2020,Weston,Massachusetts,,,,,
Genevra,Stone,Rowing,2020,Newton,Massachusetts,MA,,42.3316,-71.2085,88453
Gia,Doonan,Rowing,2020,Rochester,Massachusetts,,,,,
Conor,Harrity,Rowing,2020,Weston,Massachusetts,,,,,
Kristina,Wagner,Rowing,2020,Weston,Massachusetts,,,,,
Regina,Salmons,Rowing,2020,Methuen,Massachusetts,,,,,
Madison,Hughes,Rugby ,2020,Lancaster,Massachusetts,,,,,
Kristi,Kirshe,Rugby ,2020,Franklin,Massachusetts,,,,,
Kristen,Mewis,Soccer ,2020,Hanson,Massachusetts,,,,,
Samantha,Mewis,Soccer ,2020,Hanson,Massachusetts,,,,,
Gabrielle,Thomas,Track and Field,2020,Northampton,Massachusetts,MA,,42.3266,-72.6745,28245
Heather,MacLean,Track and Field,2020,Peabody,Massachusetts,MA,,42.5335,-70.9725,54204
Molly,Seidel,Track and Field,2020,Boston,Massachusetts,MA,,42.3188,-71.0852,4328315
Devin,Booker,Basketball ,2020,Grand Rapids,Michigan,MI,,42.9619,-85.6562,609023
Draymond,Green,Basketball ,2020,Saginaw,Michigan,MI,,43.4199,-83.9501,115442
Hannah,Roberts,Cycling,2020,Buchanan,Michigan,MI,,41.8283,-86.3656,4276
Ellen,Tomek,Rowing,2020,Flushing,Michigan,MI,,43.0637,-83.8403,8349
Grace,Luczak,Rowing,2020,Ann Arbor,Michigan,MI,,42.2759,-83.731,308983
Amanda,Chidester,Softball ,2020,Ann Arbor,Michigan,MI,,42.2759,-83.731,308983
Allison,Schmitt,Swimming,2020,Canton,Michigan,,,,,
Annie,Lazor,Swimming,2020,Beverly Hills,Michigan,MI,,42.522,-83.2423,10550
Catie,De Loof,Swimming,2020,Grosse Pointe Park,Michigan,MI,,42.3794,-82.9287,11513
Anavia,Battle,Track and Field,2020,Inkster,Michigan,MI,,42.2935,-83.3148,25839
Grant,Fisher,Track and Field,2020,Grand Blanc,Michigan,MI,,42.9258,-83.6181,8034
Steven,Bastien,Track and Field,2020,Ann Arbor,Michigan,MI,,42.2759,-83.731,308983
Taylor,Manson,Track and Field,2020,Lansing,Michigan,MI,,42.7142,-84.5601,322561
Kate,Nye,Weightlifting,2020,Rochester,Michigan,MI,,42.6866,-83.1198,12978
Alise,Willoughby,Cycling,2020,St. Cloud,Minnesota,MN,,45.534,-94.1718,116649
Shane,Wiskus,Gymnastic (Artistic),2020,Spring Park,Minnesota,MN,,44.9364,-93.632,1919
Grace,McCallum,Gymnastic (Artistic),2020,Isanti,Minnesota,MN,,45.4925,-93.2408,6850
Sunisa,Lee,Gymnastic (Artistic),2020,St. Paul,Minnesota,MN,,44.9478,-93.1039,308806
Patrick,Sunderman,Shooting,2020,Farmington,Minnesota,MN,,44.6572,-93.1687,23487
Kyra,Condie,Sport Climbing,2020,Shoreview,Minnesota,MN,,45.0842,-93.1358,26846
Regan,Smith,Swimming,2020,Lakeville,Minnesota,MN,,44.6774,-93.252,70696
Joe,Klecker,Track and Field,2020,Hopkins,Minnesota,MN,,44.9259,-93.4056,18752
Mason,Ferlic,Track and Field,2020,Minneapolis,Minnesota,MN,,44.9635,-93.2678,2892569
Payton,Otterdahl,Track and Field,2020,Rosemount,Minnesota,MN,,44.7466,-93.0661,25993
Jordan,Thompson,Volleyball ,2020,Minneapolis,Minnesota,MN,,44.9635,-93.2678,2892569
Gable,Steveson,Wrestling,2020,Minneapolis,Minnesota,MN,,44.9635,-93.2678,2892569
Brittney,Reese,Track and Field,2020,Gulfport,Mississippi,MS,,30.4274,-89.0704,228022
Cory,McGee,Track and Field,2020,Pass Christian,Mississippi,MS,,30.327,-89.2436,5802
Erica,Bougard,Track and Field,2020,Byhalia,Mississippi,MS,,34.869,-89.689,1990
Sam,Kendricks,Track and Field,2020,Oxford,Mississippi,MS,,34.3627,-89.5336,25713
Shelby,McEwen,Track and Field,2020,Abbeville,Mississippi,MS,,34.5034,-89.5025,395
Bradley,Beal,Basketball ,2020,St. Louis,Missouri,MO,,38.6359,-90.2451,2130881
Jayson,Tatum,Basketball ,2020,St. Louis,Missouri,MO,,38.6359,-90.2451,2130881
Napheesa,Collier,Basketball ,2020,St. Charles,Missouri,MO,,38.7954,-90.5157,70687
Tyler,Downs,Diving,2020,Ballwin,Missouri,MO,,38.595,-90.55,30948
Becky,Sauerbrunn,Soccer ,2020,St. Louis,Missouri,MO,,38.6359,-90.2451,2130881
Christopher,Nilsen,Track and Field,2020,Kansas City,Missouri,MO,,39.1238,-94.5541,1689556
Courtney,Frerichs,Track and Field,2020,Nixa,Missouri,MO,,37.0453,-93.2959,23523
Deanna,Price,Track and Field,2020,Old Monroe/Troy,Missouri,,,,,
Gwen,Berry,Track and Field,2020,St. Louis,Missouri,MO,,38.6359,-90.2451,2130881
KC,Lightfoot,Track and Field,2020,Lee'S Summit,Missouri,,,,,
Nicole,Heavirland,Rugby ,2020,Whitefish,Montana,MT,,48.4328,-114.359,8098
Alison,Weisz,Shooting,2020,Belgrade,Montana,MT,,45.7789,-111.1736,10941
Nickolaus,Mowrer,Shooting,2020,Butte,Montana,MT,,45.902,-112.6571,34638
Maggie,Malone,Track and Field,2020,Geneva,Nebraska,NE,,40.5308,-97.5974,2097
Jordan,Larson,Volleyball ,2020,Hooper,Nebraska,NE,,41.6116,-96.5487,980
Beiwen,Zhang,Badminton,2020,Las Vegas,Nevada,NV,,36.2333,-115.2654,2248047
Yarisel,Ramirez,Boxing,2020,Las Vegas,Nevada,NV,,36.2333,-115.2654,2248047
Connor,Fields,Cycling,2020,Las Vegas,Nevada,NV,,36.2333,-115.2654,2248047
Perris,Benegas,Cycling,2020,Reno,Nevada,NV,,39.5497,-119.8483,457702
Krysta,Palmer,Diving,2020,Gardnerville,Nevada,NV,,38.939,-119.7369,6147
Danielle,Kang,Golf,2020,Las Vegas,Nevada,NV,,36.2333,-115.2654,2248047
Alexis,Lagan,Shooting,2020,Boulder City,Nevada,NV,,35.8407,-114.9257,14868
Arabella,Sims,Swimming,2020,Henderson,Nevada,NV,,36.0133,-115.0381,318063
Bowen,Becker,Swimming,2020,Reno,Nevada,NV,,39.5497,-119.8483,457702
Erica,Sullivan,Swimming,2020,Las Vegas,Nevada,NV,,36.2333,-115.2654,2248047
Katie,Grimes,Swimming,2020,Las Vegas,Nevada,NV,,36.2333,-115.2654,2248047
Vashti,Cunningham,Track and Field,2020,Las Vegas,Nevada,NV,,36.2333,-115.2654,2248047
Ben,Stevenson,Water Polo ,2020,Reno,Nevada,NV,,39.5497,-119.8483,457702
Jessica,Parratto,Diving,2020,Dover,New Hampshire,NH,,43.1887,-70.8845,74554
Todd,Frazier,Baseball,2020,Toms River,New Jersey,,,,,
Edrice,Adebayo,Basketball ,2020,Newark,New Jersey,NJ,,40.7245,-74.1725,307355
Sue,Bird,Basketball ,2020,Syosset,New Jersey,,,,,
Jessica,Springsteen,Equestrian,2020,Colts Neck,New Jersey,,,,,
Dagmara,Wozniak,Fencing,2020,Avenel,New Jersey,NJ,,40.5842,-74.2716,17211
Jackie,Dubrovich,Fencing,2020,Riverdale,New Jersey,NJ,,40.9921,-74.3125,4081
Elizaveta,Pletneva,Gymnastics (Rhythmic),2020,Caldwell,New Jersey,NJ,,40.8389,-74.2776,8897
Colton,Brown,Judo,2020,Piscataway,New Jersey,,,,,
Mary,Reckford,Rowing,2020,Short Hills,New Jersey,NJ,,40.7389,-74.3278,14448
Tracy,Eisser,Rowing,2020,Fair Lawn,New Jersey,NJ,,40.9359,-74.1177,34948
Carli,Lloyd,Soccer ,2020,Delran,New Jersey,,,,,
Tobin,Heath,Soccer ,2020,Basking Ridge,New Jersey,NJ,,40.7061,-74.5568,7905
Nic,Fink,Swimming,2020,Morristown,New Jersey,NJ,,40.7967,-74.4772,20126
Athing,Mu,Track and Field,2020,Trenton,New Jersey,NJ,,40.2237,-74.7641,362179
Curtis,Thompson,Track and Field,2020,Florence,New Jersey,,,,,
English,Gardner,Track and Field,2020,Willingboro,New Jersey,,,,,
Keturah,Orji,Track and Field,2020,Mount Olive,New Jersey,,,,,
Sam,Mattis,Track and Field,2020,East Brunswick,New Jersey,,,,,
Sydney,McLaughlin,Track and Field,2020,Dunellen,New Jersey,NJ,,40.5903,-74.4656,7598
Morgan,Pearson,Triathlon,2020,New Vernon,New Jersey,NJ,,40.7343,-74.4877,869
Mariah,Duran,Skateboarding,2020,Albuquerque,New Mexico,NM,,35.1054,-106.6465,769986
Anita,Alvarez,Artistic Swimming,2020,Kenmore,New York,NY,,42.9646,-78.8713,15155
Patrick,Kivlehan,Baseball,2020,West Nyack,New York,NY,,41.0907,-73.9714,3768
Stefanie,Dolson,Basketball (3x3),2020,Port Jervis,New York,NY,,41.3783,-74.691,8725
Breanna,Stewart,Basketball ,2020,North Syracuse,New York,NY,,43.1339,-76.1304,6669
Tina,Charles,Basketball ,2020,Jamaica,New York,,,,,
Emma,White,Cycling,2020,Duanesburg,New York,,,,,
Curtis,McDowald,Fencing,2020,Jamaica,New York,,,,,
Daryl,Homer,Fencing,2020,Bronx,New York,NY,,40.8501,-73.8662,1472654
Nicole,Ross,Fencing,2020,New York,New York,NY,,40.6943,-73.9249,18908608
Yeisser,Ramirez,Fencing,2020,New York,New York,NY,,40.6943,-73.9249,18908608
Nina,Cutro-Kelly,Judo,2020,Albany,New York,NY,,42.6664,-73.7987,590694
Brian,Irr,Karate,2020,Newfane,New York,,,,,
Brooke,Mooney,Rowing,2020,Keene Valley,New York,,,,,
Charlotte,Buck,Rowing,2020,Nyack,New York,NY,,41.0919,-73.9143,7057
Kristine,O'Brien,Rowing,2020,Massapequa Park,New York,NY,,40.6817,-73.4496,17045
Meghan,Musnicki,Rowing,2020,Naples,New York,,,,,
Olivia,Coffey,Rowing,2020,Watkins Glen,New York,NY,,42.3801,-76.8673,1777
Crystal,Dunn,Soccer ,2020,Rockville Centre,,,,,,
Ashley,Twichell,Swimming,2020,Fayetteville,New York,NY,,43.0308,-75.9984,4248
Katie,Douglass,Swimming,2020,Pelham,New York,,,,,
Juan,Liu,Table Tennis,2020,College Point,New York,,,,,
Jessica,Pegula,Tennis,2020,Buffalo,New York,NY,,42.9018,-78.8487,944589
Dalilah,Muhammad,Track and Field,2020,Jamaica,New York,,,,,
Rai,Benjamin,Track and Field,2020,Mount Vernon,New York,NY,,40.9136,-73.8291,72817
Rudy,Winkler,Track and Field,2020,Sand Lake,New York,,,,,
Matthew,Anderson,Volleyball ,2020,West Seneca,New York,,,,,
Kyle,Dake,Wrestling,2020,Lansing,New York,,,,,
Ryder,Ryan,Baseball,2020,Huntersville,North Carolina,NC,,35.406,-80.8716,61202
Tim,Federowicz,Baseball,2020,Chapel Hill,North Carolina,NC,,35.9271,-79.0391,58919
Naomi,Graham,Boxing,2020,Fayetteville,North Carolina,NC,,35.085,-78.9772,328804
Evy,Leibfarth,Canoe/Kayak,2020,Bryson City,North Carolina,NC,,35.4262,-83.4475,1638
Michal,Smolen,Canoe/Kayak,2020,Charlotte,North Carolina,NC,,35.2083,-80.8303,1427444
Andrew,Capobianco,Diving,2020,Holly Springs,North Carolina,NC,,35.6526,-78.8399,42023
Claire,Curzan,Swimming,2020,Cary,North Carolina,NC,,35.7819,-78.8195,174880
Tommy,Paul,Tennis,2020,Greenville,North Carolina,NC,,35.5943,-77.376,127574
Anna,Cockrell,Track and Field,2020,Charlotte,North Carolina,NC,,35.2083,-80.8303,1427444
Gabriele,Cunningham,Track and Field,2020,Charlotte,North Carolina,NC,,35.2083,-80.8303,1427444
Kendra,Harrison,Track and Field,2020,Clayton,North Carolina,NC,,35.659,-78.4498,26837
Randolph,Ross,Track and Field,2020,Raleigh,North Carolina,NC,,35.8324,-78.6429,1163152
Caine,Wilkes,Weightlifting,2020,Indian Trail,North Carolina,NC,,35.0699,-80.6452,40325
Jacob,Wukie,Archery,2020,Fremont,Ohio,OH,,41.3535,-83.1147,15900
Delante,Johnson,Boxing,2020,Cleveland,Ohio,OH,,41.4764,-81.6805,1680247
Duke,Ragan,Boxing,2020,Cincinnati,Ohio,OH,,39.1413,-84.506,1692702
Oshae,Jones,Boxing,2020,Toledo,Ohio,OH,,41.6638,-83.5827,493302
Nick,Bruce,Cycling,2020,Hubbard,Ohio,OH,,41.1595,-80.5672,7618
Carlin,Isles,Rugby ,2020,Massillon,Ohio,OH,,40.7838,-81.5254,32179
Rose,Lavelle,Soccer ,2020,Cincinnati,Ohio,OH,,39.1413,-84.506,1692702
Hunter,Armstrong,Swimming,2020,Dover,Ohioo,,,,,
Zachary,Apple,Swimming,2020,Trenton,Ohio,OH,,39.4792,-84.462,13133
Adelaide,Aquilla,Track and Field,2020,Westlake,Ohio,OH,,41.4524,-81.9294,34027
Clayton,Murphy,Track and Field,2020,New Madison,Ohio,OH,,39.9671,-84.7082,958
Katie,Nageotte,Track and Field,2020,Olmsted Falls,Ohio,OH,,41.3657,-81.9038,8670
Reggie,Jagers III,Track and Field,2020,Cleveland,Ohio,OH,,41.4764,-81.6805,1680247
Maxwell,Holt,Volleyball ,2020,Cincinnati,Ohio,OH,,39.1413,-84.506,1692702
Patrick,Callan,Swimming,2020,Tulsa,Oklahoma,OK,,36.1283,-95.9042,731743
Micha,Hancock,Volleyball ,2020,Edmond,Oklahoma,OK,,35.6689,-97.416,94503
Jerami,Grant,Basketball ,2020,Portland,Oregon,OR,,45.5371,-122.65,2095808
Mariel,Zagunis,Fencing,2020,Portland,Oregon,OR,,45.5371,-122.65,2095808
Devon,Allen,Track and Field,2020,Eugene,Oregon,OR,,44.0564,-123.1174,270990
Galen,Rupp,Track and Field,2020,Portland,Oregon,OR,,45.5371,-122.65,2095808
Matthew,Centrowitz,Track and Field,2020,Portland,Oregon,OR,,45.5371,-122.65,2095808
Micah,Williams,Track and Field,2020,Portland,Oregon,OR,,45.5371,-122.65,2095808
Ryan,Crouser,Track and Field,2020,Boring,Oregon,OR,,45.4304,-122.3716,1987
Sally,Kipyego,Track and Field,2020,Eugene,Oregon,OR,,44.0564,-123.1174,270990
Kimberly,Hill,Volleyball ,2020,Portland,Oregon,OR,,45.5371,-122.65,2095808
Casey,Kaufhold,Archery,2020,Lancaster,Pennsylvania,PA,,40.042,-76.3012,402476
Scott,McGough,Baseball,2020,Pittsburgh,Pennsylvania,PA,,40.4397,-79.9763,1749091
Payton,Ridenour,Cycling,2020,Pottstown,Pennsylvania,PA,,40.2508,-75.6445,23356
Boyd,Martin,Equestrian,2020,Cochranville,Pennsylvania,PA,,39.8905,-75.9241,488
Phillip,Dutton,Equestrian,2020,West Grove,Pennsylvania,PA,,39.8206,-75.8284,2784
Jacob,Hoyle,Fencing,2020,Wallingford,Pennsylvania,,,,,
Alex,Miklasevich,Rowing,2020,Pittsburgh,Pennsylvania,PA,,40.4397,-79.9763,1749091
Julian,Venonsky,Rowing,2020,Philadelphia,Pennsylvania,PA,,40.0077,-75.1339,5683533
Justin,Best,Rowing,2020,Kennett Square,Pennsylvania,PA,,39.8438,-75.7113,5982
Michael,Grady,Rowing,2020,Pittsburgh,Pennsylvania,PA,,40.4397,-79.9763,1749091
Nicholas,Mead,Rowing,2020,Strafford,Pennsylvania,,,,,
Ariana,Ramsey,Rugby ,2020,Philadelphia,Pennsylvania,PA,,40.0077,-75.1339,5683533
Kris,Thomas,Rugby ,2020,Philadelphia,Pennsylvania,PA,,40.0077,-75.1339,5683533
Hali,Flickinger,Swimming,2020,Spring Grove,Pennsylvania,PA,,39.8808,-76.8641,2141
Jennifer,Brady,Tennis,2020,Harrisburg,Pennsylvania,PA,,40.2752,-76.8843,498329
Ajee,Wilson,Track and Field,2020,Philadelphia,Pennsylvania,PA,,40.0077,-75.1339,5683533
Joseph,Kovacs,Track and Field,2020,Nazareth,Pennsylvania,PA,,40.74,-75.3131,6015
Michael,Shuey,Track and Field,2020,Johnsonburg,Pennsylvania,PA,,41.4913,-78.6791,2293
Mitchell,Stahl,Volleyball ,2020,Chambersburg,Pennsylvania,PA,,39.9315,-77.6556,21917
David,Taylor,Wrestling,2020,State College,Pennsylvania,PA,,40.7909,-77.8567,83170
John,Stefanowicz,Wrestling,2020,New Park,Pennsylvania,,,,,
Anders,Weiss,Rowing,2020,Barrington,Rhode Island,,,,,
Stuart,McNay,Sailing,2020,Providence,Rhode Island,RI,,41.823,-71.4187,1290271
Emily,Sisson,Track and Field,2020,Providence,Rhode Island,RI,,41.823,-71.4187,1290271
Khris,Middleton,Basketball ,2020,Charleston,South Carolina,SC,,32.8168,-79.9687,706884
A'ja,Wilson,Basketball ,2020,Columbia,South Carolina,SC,,34.0378,-80.9036,604065
Doug,Payne,Equestrian,2020,Aiken,South Carolina,SC,,33.5303,-81.7271,32014
Quanera,Hayes,Track and Field,2020,Dillon,South Carolina,SC,,34.4233,-79.3689,6454
Raven,Saunders,Track and Field,2020,Charleston,South Carolina,SC,,32.8168,-79.9687,706884
Sandi,Morris,Track and Field,2020,Greenville,South Carolina,SC,,34.8354,-82.3646,401443
Wadeline,Jonathas,Track and Field,2020,Columbia,South Carolina,SC,,34.0378,-80.9036,604065
Clarence,Cummings,Weightlifting,2020,Beaufort,South Carolina,SC,,32.4597,-80.7235,13582
Paige,McPherson,Taekwondo,2020,Sturgis,South Dakota,SD,,44.411,-103.4973,7121
Alex,Walsh,Swimming,2020,Nashville,Tennessee,TN,,36.1715,-86.7842,1177657
Erika,Brown,Swimming,2020,Knoxville,Tennessee,TN,,35.9692,-83.9496,615829
Tennys,Sandgren,Tennis,2020,Gallatin,Tennessee,TN,,36.3782,-86.4698,44947
Alex,Young,Track and Field,2020,La Vergne,Tennessee,TN,,36.02,-86.5586,38553
Wesley,Kitts,Weightlifting,2020,Knoxville,Tennessee,TN,,35.9692,-83.9496,615829
Mackenzie,Brown,Archery,2020,Flint,Texas,,,,,
Scott,Kazmir,Baseball,2020,Cypress Falls,Texas,,,,,
Shane,Baz,Baseball,2020,Cypress,Texas,,,,,
Simeon,Woods Richardson,Baseball,2020,Sugar Land,Texas,TX,,29.5935,-95.6358,110077
Ariel,Atkins,Basketball ,2020,Dallas,Texas,TX,,32.7935,-96.7667,5830932
Brittney,Griner,Basketball ,2020,Houston,Texas,TX,,29.786,-95.3885,5970127
Virginia,Fuchs,Boxing,2020,Houston,Texas,TX,,29.786,-95.3885,5970127
Lawson,Craddock,Cycling,2020,Houston,Texas,TX,,29.786,-95.3885,5970127
Alison,Gibson,Diving,2020,Austin,Texas,TX,,30.3005,-97.7522,1905945
Hailey,Hernandez,Diving,2020,Southlake,Texas,TX,,32.9545,-97.1503,30779
Courtney,Hurley,Fencing,2020,San Antonio,Texas,TX,,29.4632,-98.5238,2058444
Kelley,Hurley,Fencing,2020,San Antonio,Texas,TX,,29.4632,-98.5238,2058444
Simone,Biles,Gymnastic (Artistic),2020,Spring,Texas,TX,,30.0613,-95.383,63930
Thomas,Scott,Karate,2020,Richardson,Texas,TX,,32.9716,-96.7093,118063
Kevon,Williams,Rugby ,2020,Houston,Texas,TX,,29.786,-95.3885,5970127
Austen,Smith,Shooting,2020,Keller,Texas,TX,,32.9335,-97.2256,45320
Phillip,Jungman,Shooting,2020,Caldwell,Texas,TX,,30.5307,-96.7007,4120
Catherine,Osterman,Softball ,2020,Houston,Texas,TX,,29.786,-95.3885,5970127
Simone,Manuel,Swimming,2020,Sugar Land,Texas,TX,,29.5935,-95.6358,110077
Huijing,Wang,Table Tennis,2020,Sugar Land,Texas,TX,,29.5935,-95.6358,110077
Austin,Krajicek,Tennis,2020,Plano,Texas,TX,,33.0502,-96.7486,284948
Ariana,Ince,Track and Field,2020,Gonzales,Texas,TX,,29.5126,-97.4472,7190
Bryce,Deadmon,Track and Field,2020,Missouri City,Texas,TX,,29.563,-95.5365,74517
Bryce,Hoppel,Track and Field,2020,Midland,Texas,TX,,32.0243,-102.1147,140171
Fred,Kerley,Track and Field,2020,San Antonio,Texas,TX,,29.4632,-98.5238,2058444
Jasmine,Moore,Track and Field,2020,Grand Prairie,Texas,TX,,32.6871,-97.0208,197279
Raevyn,Rogers,Track and Field,2020,Houston,Texas,TX,,29.786,-95.3885,5970127
Steffin,McCarter,Track and Field,2020,Copperas Cove,Texas,TX,,31.1192,-97.914,36436
Chiaka,Ogbogu,Volleyball ,2020,Coppell,Texas,TX,,32.9639,-96.9903,42513
Jourdan,Delacruz,Weightlifting,2020,Wylie,Texas,TX,,33.0362,-96.5161,57063
Tamyra,Mensah-Stock,Wrestling,2020,Katy,Texas,TX,,29.7905,-95.8353,22826
Jordan,Matyas,Rugby ,2020,Calgary,Utah,,,,,
Nathaniel,Coleman,Sport Climbing,2020,Salt Lake City,Utah,UT,,40.7776,-111.9311,1173879
Rhyan,White,Swimming,2020,Herriman,Utah,UT,,40.4899,-112.017,55301
Jacob,Gibb,Beach Volleyball,2020,Bountiful,Utah,UT,,40.8721,-111.8647,45353
Ilona,Maher,Rugby ,2020,Burlington,Vermont,VT,,44.4876,-73.2316,123307
Elinor,Purrier,Track and Field,2020,Montgomery,Vermont,,,,,
Keyshawn,Davis,Boxing,2020,Norfolk,Virginia,VA,,36.8945,-76.259,236973
Troy,Isley,Boxing,2020,Alexandria,Virginia,VA,,38.8185,-77.0861,157594
Justin,Dowell,Cycling,2020,Virginia Beach,Virginia,VA,,36.7335,-76.0435,1443020
Claire,Collins,Rowing,2020,Mclean,Virginia,,,,,
Cheta,Emba,Rugby ,2020,Richmond,Virginia,VA,,37.5295,-77.4756,1073223
Andrew,Seliskar,Swimming,2020,Mclean,Virginia,,,,,
Townley,Haas,Swimming,2020,Henrico,Virginia,,,,,
Torri,Huske,Swimming,2020,Arlington,Virginia,VA,,38.8786,-77.1011,235845
Grant,Holloway,Track and Field,2020,Chesapeake,Virginia,VA,,36.6778,-76.3023,249377
Michael,Cherry,Track and Field,2020,Chesapeake,Virginia,VA,,36.6778,-76.3023,249377
Noah,Lyles,Track and Field,2020,Alexandria,Virginia,VA,,38.8185,-77.0861,157594
Trevor,Stewart,Track and Field,2020,Lorton,Virginia,VA,,38.6983,-77.2164,22049
Ty,Butts-Townsend,Track and Field,2020,Hampton,Virginia,VA,,37.0551,-76.363,137217
Zach,Lavine,Basketball ,2020,Renton,Washington,WA,,47.4784,-122.1918,105355
Nevin,Harrison,Canoe/Kayak,2020,Seattle,Washington,WA,,47.6211,-122.3244,3561397
Adrian,Hegyvary,Cycling,2020,Seattle,Washington,WA,,47.6211,-122.3244,3561397
Katrina,Young,Diving,2020,Seattle,Washington,WA,,47.6211,-122.3244,3561397
Jordan,Chiles,Gymnastic (Artistic),2020,Vancouver,Washington,WA,,45.6366,-122.5967,190700
Jacob,Riley,Track and Field,2020,Bellingham,Washington,WA,,48.7548,-122.469,129880
Kara,Winger,Track and Field,2020,Vancouver,Washington,WA,,45.6366,-122.5967,190700
Harrison,Maurus,Weightlifting,2020,Auburn,Washington,WA,,47.3039,-122.2108,85623
Alison,Rusher,Rowing,2020,West Bend,Wisconsin,WI,,43.4173,-88.1818,31682
Madeleine,Wanamaker,Rowing,2020,Neenah,Wisconsin,WI,,44.1669,-88.4767,27309
Megan,Kalmoe,Rowing,2020,Saint Croix Falls,Wisconsin,,,,,
Stephanie,Roble,Sailing,2020,East Troy,Wisconsin,WI,,42.7846,-88.3973,4669
Madelynn,Bernau,Shooting,2020,Waterford,Wisconsin,WI,,42.7645,-88.216,5587
Alicia,Monson,Track and Field,2020,Amery,Wisconsin,WI,,45.3045,-92.3635,2959
Kenneth,Bednarek,Track and Field,2020,Rice Lake,Wisconsin,WI,,45.4864,-91.7447,8990
Luca,Cupido,Water Polo ,2020,Santa Margherita Ligure,Italy,,,,,
Jack,Lopez,Baseball,2020,Toa Alta,Puerto Rico,PR,,18.3879,-66.2508,3251
